BIBI,23:40:41
JUSTATEE,23:40:41
BIBI,23:40:41
BIBI,23:40:42
JUSTATEE,23:40:42
BIBI,23:40:42
BIBI,23:40:43
JUSTATEE,23:40:43
JUSTATEE,23:40:44
BIBI,23:40:45
BIBI,23:40:45
BIBI,23:40:46
JUSTATEE,23:40:46
BIBI,23:40:46
JUSTATEE,23:40:46
BIBI,23:40:47
JUSTATEE,23:40:47
BIBI,23:40:48
JUSTATEE,23:40:48
BIBI,23:40:49
JUSTATEE,23:40:49
BIBI,23:40:50
JUSTATEE,23:40:50
BIBI,23:40:50
BIBI,23:40:51
JUSTATEE,23:40:51
BIBI,23:40:52
JUSTATEE,23:40:52
BIBI,23:40:52
JUSTATEE,23:40:52
BIBI,23:40:53
JUSTATEE,23:40:53
BIBI,23:40:54
JUSTATEE,23:40:54
BIBI,23:40:55
JUSTATEE,23:40:55
BIBI,23:40:56
JUSTATEE,23:40:56
BIBI,23:40:57
JUSTATEE,23:40:57
BIBI,23:40:58
BIBI,23:40:59
BIBI,23:40:59
JUSTATEE,23:40:59
BIBI,23:41:00
JUSTATEE,23:41:00
BIBI,23:41:01
JUSTATEE,23:41:01
BIBI,23:42:19
JUSTATEE,23:42:19
BIBI,23:42:19
BIBI,23:42:21
JUSTATEE,23:42:21
BIBI,23:42:21
BIBI,23:42:23
JUSTATEE,23:42:23
BIBI,23:42:23
BIBI,23:42:24
JUSTATEE,23:42:24
BIBI,23:42:24
BIBI,23:42:26
JUSTATEE,23:42:26
BIBI,23:42:26
BIBI,23:42:28
BIBI,23:42:30
BIBI,23:43:22
JUSTATEE,23:43:22
BIBI,23:43:22
BIBI,23:43:23
JUSTATEE,23:43:23
BIBI,23:43:23
BIBI,23:43:24
JUSTATEE,23:43:25
JUSTATEE,23:43:25
BIBI,23:43:25
BIBI,23:43:25
BIBI,23:43:26
JUSTATEE,23:43:26
BIBI,23:43:27
JUSTATEE,23:43:27
BIBI,23:43:28
JUSTATEE,23:43:28
BIBI,23:43:29
BIBI,23:43:30
BIBI,23:43:30
BIBI,23:43:31
BIBI,23:43:32
BIBI,23:54:49
BEWHY,23:54:50
ELON MUSK,23:54:50
BIBI,23:54:50
BIBI,23:54:51
BEWHY,23:54:51
ELON MUSK,23:54:51
BIBI,23:54:53
BEWHY,23:54:53
ELON MUSK,23:54:53
BIBI,23:54:55
BEWHY,23:54:56
ELON MUSK,23:54:56
BIBI,23:54:56
BIBI,23:54:58
BEWHY,23:54:58
ELON MUSK,23:54:58
BIBI,23:54:58
BIBI,23:55:00
BEWHY,23:55:02
ELON MUSK,23:55:02
BIBI,23:55:02
BIBI,23:55:03
ELON MUSK,23:55:03
BEWHY,23:55:03
BIBI,23:55:05
ELON MUSK,23:55:05
BEWHY,23:55:05
BIBI,23:55:07
ELON MUSK,23:55:07
BEWHY,23:55:07
BIBI,23:55:09
ELON MUSK,23:55:09
BEWHY,23:55:09
BIBI,23:55:11
ELON MUSK,23:55:11
BEWHY,23:55:11
BIBI,23:55:12
ELON MUSK,23:55:12
BEWHY,23:55:12
BIBI,23:55:14
ELON MUSK,23:55:14
BEWHY,23:55:14
BIBI,23:59:07
JUSTATEE,23:59:07
BIBI,23:59:08
JUSTATEE,23:59:08
BIBI,23:59:08
BIBI,23:59:09
JUSTATEE,23:59:10
BIBI,23:59:10
BIBI,23:59:11
JUSTATEE,23:59:11
BIBI,23:59:12
JUSTATEE,23:59:12
BIBI,23:59:13
JUSTATEE,23:59:13
BIBI,23:59:14
JUSTATEE,23:59:14
BIBI,23:59:16
JUSTATEE,23:59:16
BIBI,23:59:17
JUSTATEE,23:59:17
BIBI,23:59:18
JUSTATEE,23:59:18
BIBI,23:59:19
JUSTATEE,23:59:19
BIBI,23:59:20
JUSTATEE,23:59:20
BIBI,23:59:22
JUSTATEE,23:59:22
BIBI,23:59:23
JUSTATEE,23:59:23
BIBI,23:59:24
JUSTATEE,23:59:24
BIBI,23:59:25
JUSTATEE,23:59:25
BIBI,0:00:56
JUSTATEE,0:00:57
BIBI,0:00:58
JUSTATEE,0:00:58
BIBI,0:00:58
BIBI,0:00:59
JUSTATEE,0:00:59
BIBI,0:00:59
BIBI,0:01:00
JUSTATEE,0:01:00
BIBI,0:01:02
JUSTATEE,0:01:02
BIBI,0:01:03
JUSTATEE,0:01:03
BIBI,0:01:04
JUSTATEE,0:01:04
BIBI,0:01:05
JUSTATEE,0:01:05
BIBI,0:01:07
JUSTATEE,0:01:07
BIBI,0:01:08
JUSTATEE,0:01:08
BIBI,0:01:09
JUSTATEE,0:01:09
BIBI,0:01:10
JUSTATEE,0:01:10
BIBI,0:01:11
JUSTATEE,0:01:11
BIBI,0:01:13
JUSTATEE,0:01:13
BIBI,0:01:14
JUSTATEE,0:01:14
BIBI,0:01:15
JUSTATEE,0:01:15
BIBI,0:01:16
JUSTATEE,0:01:16
BIBI,0:01:17
BIBI,0:01:19
PHONG,0:03:58
PHONG,0:04:07
PHONG,0:04:46
PHONG,0:04:46
PHONG,0:04:47
PHONG,0:04:48
PHONG,0:04:52
PHONG,0:04:54
PHONG,0:04:54
PHONG,0:04:56
PHONG,0:04:56
PHONG,0:04:56
PHONG,0:04:57
PHONG,0:04:58
PHONG,0:05:00
PHONG,0:05:00
PHONG,0:05:01
PHONG,0:05:05
PHONG,0:05:06
PHONG,0:05:07
PHONG,0:05:08
PHONG,0:05:08
PHONG,0:05:08
PHONG,0:05:09
PHONG,0:05:09
PHONG,0:05:09
PHONG,0:05:12
PHONG,0:05:12
PHONG,0:05:13
PHONG,0:05:13
PHONG,0:05:15
PHONG,0:05:15
PHONG,0:05:16
PHONG,0:05:16
PHONG,0:05:16
PHONG,0:05:17
PHONG,0:05:19
PHONG,0:05:20
PHONG,0:05:20
PHONG,0:05:21
PHONG,0:07:35
PHONG,0:07:36
PHONG,0:07:36
PHONG,0:07:36
PHONG,0:07:37
PHONG,0:07:37
PHONG,0:07:37
PHONG,0:07:38
PHONG,0:07:38
PHONG,0:07:38
PHONG,0:07:39
PHONG,0:07:39
PHONG,0:07:39
PHONG,0:07:40
PHONG,0:07:40
PHONG,0:07:41
PHONG,0:07:42
PHONG,0:07:42
PHONG,0:07:43
PHONG,0:07:43
PHONG,0:07:44
PHONG,0:07:44
PHONG,0:07:44
PHONG,0:07:45
PHONG,0:07:45
PHONG,0:07:45
PHONG,0:07:46
PHONG,0:07:46
PHONG,0:07:46
PHONG,0:07:47
PHONG,0:07:47
PHONG,0:07:47
PHONG,0:07:48
PHONG,0:07:48
PHONG,0:07:48
PHONG,0:07:49
PHONG,0:07:49
PHONG,0:07:49
PHONG,0:07:50
PHONG,0:07:50
PHONG,0:07:50
